{"stats":{"minecraft:mined":{"minecraft:waxed_cut_copper_slab":1,"minecraft:dark_prismarine":3,"minecraft:spruce_planks":6,"minecraft:black_terracotta":1,"minecraft:cherry_log":86,"minecraft:dark_oak_log":166,"minecraft:shulker_box":1,"gravestone:gravestone":2,"minecraft:obsidian":17,"minecraft:cave_vines_plant":1,"minecraft:grass_block":98,"minecraft:mud_bricks":1,"minecraft:mud_brick_wall":1,"minecraft:packed_mud":2,"minecraft:furnace":3,"minecraft:dark_oak_stairs":2,"minecraft:stone":76,"minecraft:player_head":1,"minecraft:spruce_slab":1,"minecraft:waxed_cut_copper":1,"minecraft:podzol":3,"minecraft:scaffolding":3,"minecraft:oak_fence":1,"minecraft:crafting_table":1,"minecraft:torch":1,"minecraft:blast_furnace":2,"minecraft:chest":5,"minecraft:rose_bush":1,"minecraft:mushroom_stem":1,"minecraft:glass":1,"minecraft:copper_ore":6,"minecraft:wall_torch":3,"minecraft:spruce_stairs":1,"minecraft:mangrove_leaves":2,"minecraft:dark_prismarine_slab":1,"minecraft:grass":1,"minecraft:coal_ore":24,"minecraft:dirt":195,"minecraft:gray_carpet":1,"minecraft:cobweb":7,"minecraft:netherrack":171,"minecraft:fern":1},"minecraft:crafted":{"minecraft:golden_carrot":43,"minecraft:smooth_stone":3,"minecraft:cooked_chicken":48,"minecraft:furnace":1,"minecraft:stone":3,"minecraft:cooked_mutton":192,"minecraft:chest":13,"minecraft:dark_oak_planks":256,"minecraft:crafting_table":3,"minecraft:air":0,"minecraft:gold_nugget":576,"minecraft:gold_ingot":25,"minecraft:white_bed":3},"minecraft:dropped":{"minecraft:iron_ingot":5,"minecraft:moss_block":1,"minecraft:dark_oak_stairs":22,"minecraft:brown_mushroom":5,"minecraft:wheat_seeds":4,"minecraft:tnt":1,"minecraft:dark_oak_sapling":35,"minecraft:mangrove_propagule":1,"minecraft:book":17,"minecraft:cobblestone":1,"minecraft:glow_item_frame":1,"minecraft:lantern":7,"minecraft:saddle":2,"minecraft:rail":1,"minecraft:polished_blackstone_button":1,"graveyard:corruption":2,"mowziesmobs:wrought_axe":1,"minecraft:red_carpet":6,"minecraft:stick":11,"minecraft:redstone_lamp":7,"minecraft:packed_mud":2,"minecraft:mud_brick_wall":3,"minecraft:dark_oak_log":18,"minecraft:brewing_stand":1,"minecraft:black_stained_glass_pane":2,"minecraft:dark_oak_trapdoor":2,"minecraft:rose_bush":1,"minecraft:mud_brick_stairs":2,"minecraft:lime_carpet":1,"minecraft:cut_copper":1,"minecraft:chain":2,"minecraft:jungle_sapling":1,"gravestone:obituary":15,"minecraft:gold_nugget":7,"mowziesmobs:wrought_helmet":2,"minecraft:flowering_azalea":2,"minecraft:iron_axe":1,"minecraft:music_disc_wait":1,"minecraft:dark_oak_planks":33,"minecraft:acacia_door":1,"minecraft:string":17,"minecraft:pink_petals":6,"minecraft:blue_carpet":1,"minecraft:cyan_carpet":2,"minecraft:gray_carpet":7,"minecraft:redstone_block":2,"minecraft:redstone":11,"minecraft:bone":6,"minecraft:pink_tulip":4,"minecraft:waxed_cut_copper_slab":1,"alexscaves:cooked_trilocaris_tail":1,"minecraft:moss_carpet":5,"minecraft:sweet_berries":5,"minecraft:lever":2,"minecraft:player_head":2,"minecraft:gray_banner":1,"minecraft:black_carpet":12,"minecraft:wheat":1,"minecraft:soul_lantern":1,"minecraft:cherry_sapling":70,"minecraft:beetroot":4,"minecraft:rotten_flesh":16,"minecraft:wither_skeleton_skull":1,"minecraft:glowstone_dust":7,"minecraft:flint_and_steel":1,"minecraft:mud_bricks":1,"minecraft:red_candle":5,"minecraft:allium":4,"minecraft:waxed_cut_copper":4,"minecraft:peony":2,"minecraft:spruce_planks":8,"minecraft:skeleton_skull":1,"minecraft:honey_block":1,"minecraft:light_blue_carpet":1,"minecraft:bamboo":12,"minecraft:arrow":1,"minecraft:calcite":16,"minecraft:dark_prismarine":2,"minecraft:splash_potion":2},"minecraft:killed":{"minecraft:witch":8,"minecraft:spider":2,"minecraft:slime":1,"minecraft:phantom":4,"minecraft:skeleton":8,"minecraft:bee":6,"minecraft:wolf":1,"minecraft:piglin":1,"minecraft:husk":1,"graveyard:ghoul":1,"minecraft:iron_golem":1,"minecraft:zombie":15,"alexscaves:trilocaris":1,"minecraft:wither_skeleton":1,"minecraft:villager":7,"alexscaves:vallumraptor":1},"minecraft:used":{"minecraft:cherry_sapling":26,"minecraft:flint_and_steel":54,"minecraft:spruce_slab":1,"minecraft:chest":18,"minecraft:shield":4,"minecraft:netherrack":149,"minecraft:torch":16,"minecraft:dirt":265,"minecraft:carrot":2,"minecraft:shulker_box":1,"mowziesmobs:wrought_helmet":1,"minecraft:obsidian":24,"minecraft:packed_mud":1,"minecraft:music_disc_wait":3,"minecraft:bow":27,"minecraft:golden_carrot":22,"minecraft:furnace":3,"minecraft:cooked_mutton":18,"minecraft:water_bucket":10,"minecraft:ender_pearl":3,"minecraft:diamond_axe":21,"minecraft:tnt":220,"minecraft:crafting_table":4,"travelersbackpack:quartz":4,"minecraft:blast_furnace":3,"minecraft:white_bed":3,"mowziesmobs:wrought_axe":10,"waystones:waystone":1,"minecraft:diamond_pickaxe":311,"minecraft:diamond_shovel":293,"minecraft:diamond_sword":141,"minecraft:bucket":21},"minecraft:custom":{"minecraft:interact_with_smithing_table":1,"lootr:looted_stat":155,"minecraft:mob_kills":64,"minecraft:interact_with_anvil":2,"minecraft:open_barrel":1,"minecraft:interact_with_crafting_table":11,"minecraft:open_shulker_box":15,"minecraft:bell_ring":37,"minecraft:damage_dealt_resisted":0,"minecraft:leave_game":1,"minecraft:time_since_death":37069,"minecraft:climb_one_cm":6237,"minecraft:damage_resisted":0,"minecraft:sprint_one_cm":307094,"minecraft:walk_one_cm":332588,"minecraft:damage_blocked_by_shield":305,"minecraft:drop":239,"minecraft:talked_to_villager":2,"minecraft:play_time":165119,"minecraft:deaths":5,"minecraft:sneak_time":10091,"minecraft:walk_under_water_one_cm":2803,"minecraft:jump":2285,"minecraft:interact_with_blast_furnace":19,"minecraft:walk_on_water_one_cm":16802,"minecraft:total_world_time":165119,"minecraft:interact_with_furnace":47,"minecraft:play_record":3,"minecraft:interact_with_grindstone":5,"minecraft:sleep_in_bed":3,"minecraft:time_since_rest":37097,"minecraft:waystone_activated":2,"minecraft:open_enderchest":3,"minecraft:damage_taken":4959,"minecraft:damage_dealt":9700,"minecraft:swim_one_cm":9227,"minecraft:fly_one_cm":1188223,"minecraft:open_chest":43,"minecraft:crouch_one_cm":34150,"minecraft:fall_one_cm":61123,"minecraft:inspect_dispenser":3},"minecraft:killed_by":{"minecraft:wither_skeleton":3,"minecraft:creeper":1,"minecraft:zombie":1},"minecraft:picked_up":{"minecraft:black_carpet":12,"minecraft:wheat":1,"minecraft:crafting_table":1,"minecraft:allium":4,"minecraft:splash_potion":2,"minecraft:chicken":123,"minecraft:redstone_lamp":1,"minecraft:brown_mushroom":5,"minecraft:diamond_sword":1,"minecraft:potion":1,"gravestone:obituary":11,"minecraft:brewing_stand":1,"minecraft:shield":1,"minecraft:moss_carpet":5,"minecraft:acacia_door":1,"minecraft:dark_oak_trapdoor":2,"minecraft:waxed_cut_copper_slab":1,"minecraft:string":11,"minecraft:raw_copper":33,"minecraft:iron_axe":1,"minecraft:flint_and_steel":1,"minecraft:red_candle":5,"minecraft:cyan_carpet":2,"minecraft:beetroot":4,"graveyard:corruption":2,"minecraft:diamond_leggings":1,"minecraft:gold_nugget":2,"minecraft:spruce_planks":15,"minecraft:calcite":16,"minecraft:rose_bush":1,"minecraft:player_head":2,"minecraft:jungle_sapling":1,"minecraft:spruce_slab":1,"minecraft:chest":5,"minecraft:coal_block":189,"minecraft:phantom_membrane":5,"minecraft:furnace":3,"minecraft:dark_oak_sapling":35,"minecraft:stick":68,"minecraft:glow_item_frame":1,"minecraft:oak_fence":1,"minecraft:torch":67,"minecraft:spruce_stairs":1,"minecraft:cherry_log":86,"minecraft:carrot":4,"minecraft:blue_carpet":1,"minecraft:dark_oak_planks":43,"minecraft:lime_carpet":1,"minecraft:diamond_chestplate":1,"minecraft:arrow":85,"minecraft:rotten_flesh":20,"minecraft:peony":2,"minecraft:diamond_boots":1,"minecraft:pink_tulip":4,"minecraft:saddle":2,"minecraft:rail":1,"minecraft:waxed_cut_copper":4,"minecraft:music_disc_wait":1,"minecraft:mutton":24,"minecraft:obsidian":80,"minecraft:skeleton_skull":1,"minecraft:cobblestone":76,"minecraft:pink_petals":6,"minecraft:mud_bricks":1,"minecraft:golden_carrot":64,"minecraft:water_bucket":1,"minecraft:mud_brick_stairs":2,"minecraft:packed_mud":3,"minecraft:gunpowder":7,"minecraft:wither_skeleton_skull":1,"mowziesmobs:wrought_axe":3,"minecraft:dirt":308,"minecraft:cooked_mutton":20,"minecraft:red_carpet":7,"minecraft:bone":14,"minecraft:apple":1,"minecraft:gray_carpet":10,"alexscaves:cooked_trilocaris_tail":1,"minecraft:bow":2,"minecraft:wheat_seeds":4,"minecraft:iron_ingot":10,"minecraft:cooked_chicken":5,"minecraft:bamboo":12,"minecraft:moss_block":1,"minecraft:flowering_azalea":2,"minecraft:dark_oak_stairs":18,"minecraft:book":21,"minecraft:sweet_berries":5,"minecraft:black_stained_glass_pane":2,"mowziesmobs:wrought_helmet":4,"minecraft:mud_brick_wall":3,"minecraft:blast_furnace":3,"minecraft:dark_oak_log":82,"minecraft:spider_eye":5,"minecraft:shulker_box":2,"minecraft:dark_prismarine":2,"minecraft:diamond_shovel":1,"minecraft:sugar":1,"minecraft:slime_ball":3,"minecraft:honey_block":1,"minecraft:soul_lantern":1,"minecraft:lever":2,"minecraft:gray_banner":1,"minecraft:polished_blackstone_button":1,"waystones:waystone":64,"minecraft:light_blue_carpet":1,"minecraft:diamond_axe":1,"minecraft:cherry_sapling":96,"minecraft:golden_apple":1,"minecraft:emerald":10,"minecraft:baked_potato":1,"minecraft:netherrack":149,"minecraft:coal":47,"minecraft:mangrove_propagule":1,"minecraft:diamond_pickaxe":1}},"DataVersion":3465}