{"stats":{"minecraft:crafted":{"travelersbackpack:quartz":1,"minecraft:air":0},"minecraft:mined":{"minecraft:dark_oak_planks":9,"minecraft:spruce_planks":6,"minecraft:cherry_log":976,"minecraft:cobblestone_stairs":1,"minecraft:brewing_stand":5,"minecraft:grass_block":28,"minecraft:mud_brick_wall":1,"minecraft:mud_bricks":11,"minecraft:spawner":7,"minecraft:sticky_piston":1,"minecraft:water_cauldron":4,"minecraft:quartz_slab":1,"minecraft:player_head":2,"minecraft:waxed_cut_copper_stairs":2,"minecraft:waxed_cut_copper":2,"minecraft:smoker":1,"minecraft:piglin_head":1,"minecraft:mud_brick_stairs":1,"minecraft:mushroom_stem":29,"minecraft:slime_block":2,"minecraft:oak_planks":4,"minecraft:skeleton_skull":3,"minecraft:dark_oak_slab":1,"minecraft:birch_log":91,"minecraft:purpur_block":1,"minecraft:oak_log":11,"minecraft:dirt":45,"minecraft:wither_skeleton_skull":1,"minecraft:piston":2,"minecraft:oak_leaves":2,"minecraft:dark_prismarine":5,"minecraft:red_carpet":1,"minecraft:quartz_stairs":1,"minecraft:mossy_cobblestone":1,"minecraft:dark_oak_log":1083,"minecraft:shulker_box":1,"gravestone:gravestone":14,"minecraft:chiseled_bookshelf":43,"minecraft:spruce_fence":1,"minecraft:brown_mushroom_block":100,"minecraft:black_stained_glass_pane":1,"minecraft:packed_mud":5,"minecraft:acacia_trapdoor":1,"minecraft:peony":3,"minecraft:bamboo":11,"minecraft:stone":1,"minecraft:ender_chest":1,"minecraft:podzol":5,"minecraft:smithing_table":1,"minecraft:oak_fence":4,"minecraft:spruce_stairs":1,"minecraft:dark_prismarine_slab":2,"minecraft:zombie_head":1,"minecraft:cobweb":7,"minecraft:stone_bricks":1,"minecraft:waxed_exposed_cut_copper":1,"minecraft:crimson_hyphae":4},"minecraft:dropped":{"minecraft:diamond_axe":1,"minecraft:diamond":1,"minecraft:dark_oak_slab":1,"travelersbackpack:iron_tier_upgrade":1,"minecraft:saddle":3,"minecraft:red_carpet":1,"minecraft:dirt":64,"minecraft:packed_mud":1,"easy_mob_farm:mob_capture_card":29,"gravestone:obituary":14,"minecraft:gold_nugget":1,"minecraft:iron_pickaxe":3,"minecraft:iron_nugget":4,"alexsmobs:animal_dictionary":1,"minecraft:gray_banner":1,"minecraft:wheat":4,"minecraft:obsidian":64,"minecraft:rotten_flesh":1,"travelersbackpack:netherite_tier_upgrade":1,"minecraft:diamond_shovel":1,"additionaladditions:rope":6,"additionaladditions:glow_stick":2,"travelersbackpack:gold_tier_upgrade":1,"minecraft:gunpowder":1,"farmersdelight:rope":2,"minecraft:arrow":65,"minecraft:water_bucket":1,"minecraft:iron_ingot":2,"minecraft:enchanted_book":18,"minecraft:mossy_cobblestone":1,"minecraft:diamond_leggings":1,"minecraft:oak_fence":4,"minecraft:cobblestone":1,"minecraft:polished_blackstone_button":2,"minecraft:grass_block":1,"minecraft:acacia_trapdoor":2,"mowziesmobs:wrought_axe":4,"minecraft:cobweb":1,"minecraft:mud_brick_wall":5,"minecraft:golden_carrot":64,"minecraft:torch":64,"minecraft:rose_bush":2,"minecraft:mud_brick_stairs":2,"mowziesmobs:wrought_helmet":4,"minecraft:music_disc_cat":2,"minecraft:redstone":1,"minecraft:pink_tulip":3,"minecraft:sweet_berries":1,"minecraft:pink_candle":1,"travelersbackpack:diamond_tier_upgrade":1,"minecraft:shulker_box":3,"minecraft:flint_and_steel":1,"minecraft:diamond_sword":1,"minecraft:shield":1,"minecraft:allium":3,"minecraft:diamond_chestplate":1,"minecraft:peony":1,"minecraft:spruce_planks":6,"minecraft:diamond_pickaxe":1,"minecraft:stone_bricks":1,"minecraft:diamond_boots":1,"minecraft:bow":1,"waystones:waystone":64,"minecraft:quartz_slab":1},"minecraft:killed":{"minecraft:witch":9,"minecraft:skeleton":9,"minecraft:zombie":6,"alexscaves:tremorsaurus":1,"minecraft:vindicator":1,"minecraft:slime":5,"graveyard:ghoul":1,"minecraft:wither_skeleton":7,"minecraft:villager":6},"minecraft:used":{"minecraft:cherry_sapling":14,"easy_mob_farm:lucky_drop_farm":4,"easy_mob_farm:jungle_farm":3,"minecraft:donkey_spawn_egg":2,"minecraft:chest":85,"minecraft:shield":49,"minecraft:obsidian":19,"minecraft:glass":42,"minecraft:lava_bucket":1,"minecraft:villager_spawn_egg":27,"minecraft:lantern":38,"minecraft:grass_block":606,"minecraft:panda_spawn_egg":2,"minecraft:music_disc_wait":1,"minecraft:bow":82,"minecraft:furnace":9,"minecraft:cow_spawn_egg":4,"easy_mob_farm:nether_fortress_farm":3,"minecraft:diamond_axe":88,"easy_mob_farm:monster_plains_cave_farm":2,"travelersbackpack:quartz":21,"minecraft:blast_furnace":4,"minecraft:mule_spawn_egg":2,"minecraft:deepslate_brick_stairs":23,"minecraft:lever":11,"minecraft:lectern":11,"easy_mob_farm:swamp_farm":1,"minecraft:cat_spawn_egg":18,"minecraft:diamond_sword":124,"additionaladditions:gilded_netherite_sword":22,"minecraft:grindstone":2,"minecraft:smithing_table":1,"minecraft:chain":31,"minecraft:air":1,"minecraft:coarse_dirt":162,"minecraft:bone_meal":78,"minecraft:oak_fence":2,"minecraft:enchanting_table":1,"minecraft:flint_and_steel":3,"minecraft:redstone":22,"minecraft:zombie_villager_spawn_egg":1,"alexscaves:spawn_egg_vallumraptor":1,"alexscaves:spawn_egg_subterranodon":1,"minecraft:torch":15,"minecraft:dirt":90,"minecraft:anvil":2,"minecraft:white_carpet":6,"minecraft:hopper":24,"minecraft:raw_iron_block":1,"minecraft:shulker_box":2,"minecraft:spruce_fence":196,"easy_mob_farm:desert_farm":1,"minecraft:dark_oak_planks":2,"minecraft:bookshelf":51,"alexscaves:spawn_egg_tremorsaurus":1,"minecraft:chicken_spawn_egg":5,"alexscaves:spawn_egg_grottoceratops":1,"minecraft:mud_bricks":1,"minecraft:golden_carrot":18,"minecraft:wolf_spawn_egg":8,"minecraft:water_bucket":9,"minecraft:waxed_oxidized_cut_copper":1,"minecraft:sheep_spawn_egg":5,"minecraft:horse_spawn_egg":2,"minecraft:deepslate_bricks":121,"mowziesmobs:foliaath_spawn_egg":1,"easy_mob_farm:iron_golem_farm":1,"graveyard:soul_fire_brazier":4,"minecraft:white_bed":3,"minecraft:spruce_log":1,"mowziesmobs:wrought_axe":21,"alexscaves:spawn_egg_trilocaris":1,"minecraft:piston":12,"minecraft:diamond_pickaxe":80,"minecraft:diamond_shovel":80,"easy_mob_farm:animal_plains_farm":2,"easy_mob_farm:bee_hive_farm":2,"minecraft:pig_spawn_egg":7,"minecraft:spruce_trapdoor":24,"minecraft:bucket":7,"minecraft:splash_potion":9},"minecraft:custom":{"lootr:looted_stat":155,"minecraft:open_barrel":1,"minecraft:open_shulker_box":7,"minecraft:bell_ring":3,"minecraft:leave_game":2,"minecraft:time_since_death":28745,"minecraft:damage_resisted":0,"minecraft:sprint_one_cm":73417,"minecraft:damage_blocked_by_shield":6610,"minecraft:drop":170,"minecraft:talked_to_villager":3,"minecraft:play_time":232846,"minecraft:deaths":19,"minecraft:jump":909,"minecraft:walk_on_water_one_cm":31443,"minecraft:enchant_item":4,"minecraft:interact_with_furnace":11,"minecraft:play_record":1,"minecraft:sleep_in_bed":1,"minecraft:waystone_activated":1,"minecraft:open_enderchest":1,"minecraft:damage_dealt":8871,"minecraft:crouch_one_cm":32205,"minecraft:inspect_dispenser":1,"minecraft:interact_with_smithing_table":3,"minecraft:interact_with_anvil":26,"minecraft:mob_kills":47,"minecraft:inspect_hopper":1,"minecraft:damage_dealt_resisted":0,"minecraft:climb_one_cm":4896,"minecraft:walk_one_cm":489568,"minecraft:sneak_time":13298,"minecraft:walk_under_water_one_cm":4599,"minecraft:interact_with_blast_furnace":6,"minecraft:total_world_time":232846,"minecraft:interact_with_grindstone":2,"minecraft:time_since_rest":28781,"minecraft:damage_taken":7557,"minecraft:swim_one_cm":2922,"minecraft:fly_one_cm":1121751,"minecraft:open_chest":43,"minecraft:fall_one_cm":30746},"minecraft:killed_by":{"minecraft:wither_skeleton":8,"minecraft:creeper":1,"minecraft:zombie":1,"minecraft:iron_golem":2,"minecraft:skeleton":7},"minecraft:picked_up":{"minecraft:black_carpet":1,"minecraft:creeper_head":1,"minecraft:prismarine_shard":27,"minecraft:smithing_table":1,"minecraft:enchanted_book":19,"minecraft:potion":2,"minecraft:birch_button":1,"minecraft:brewing_stand":4,"minecraft:music_disc_cat":1,"minecraft:string":87,"minecraft:dark_oak_trapdoor":2,"travelersbackpack:quartz":1,"minecraft:sticky_piston":1,"minecraft:zombie_head":1,"minecraft:beetroot":3,"minecraft:gold_nugget":2,"minecraft:spruce_planks":6,"minecraft:waxed_exposed_cut_copper":1,"minecraft:white_tulip":17,"minecraft:rose_bush":2,"minecraft:iron_pickaxe":1,"minecraft:enchanted_golden_apple":1,"farmersdelight:cabbage_seeds":10,"minecraft:stick":91,"minecraft:oak_fence":4,"minecraft:torch":2,"travelersbackpack:iron_tier_upgrade":1,"easy_mob_farm:creative_speed_enhancement":130,"minecraft:spruce_stairs":1,"travelersbackpack:diamond_tier_upgrade":1,"minecraft:cherry_log":123,"minecraft:cauldron":4,"minecraft:waxed_cut_copper_stairs":2,"minecraft:rotten_flesh":103,"minecraft:cow_spawn_egg":1,"farmersdelight:onion":1,"farmersdelight:rope":40,"minecraft:waxed_cut_copper":2,"minecraft:obsidian":8,"minecraft:cod":11,"minecraft:cobblestone":1,"minecraft:crimson_hyphae":4,"minecraft:birch_log":20,"minecraft:pink_petals":62,"minecraft:mud_brick_stairs":5,"minecraft:smoker":1,"minecraft:potato":13,"minecraft:wither_skeleton_skull":2,"travelersbackpack:gold_tier_upgrade":1,"minecraft:dirt":115,"minecraft:bone":99,"minecraft:bow":2,"minecraft:wheat_seeds":42,"additionaladditions:rope":67,"minecraft:bamboo":38,"minecraft:glowstone_dust":1,"minecraft:oak_planks":4,"easy_mob_farm:big_slot_upgrade":118,"minecraft:music_disc_13":2,"minecraft:black_stained_glass_pane":1,"minecraft:ink_sac":3,"minecraft:grass_block":1,"minecraft:dark_oak_log":33,"minecraft:shulker_box":2,"minecraft:mossy_cobblestone":1,"minecraft:dark_prismarine":5,"minecraft:iron_hoe":1,"minecraft:dark_prismarine_slab":2,"minecraft:sugar":6,"minecraft:diamond":2,"minecraft:slime_block":2,"minecraft:soul_lantern":1,"minecraft:writable_book":1,"minecraft:polished_blackstone_button":2,"minecraft:golden_horse_armor":3,"minecraft:emerald":13,"minecraft:charcoal":3,"minecraft:waxed_oxidized_cut_copper":1,"minecraft:allium":71,"minecraft:leather_leggings":1,"minecraft:turtle_helmet":1,"minecraft:brown_mushroom":24,"easy_mob_farm:egg_collector_enhancement":4,"minecraft:diamond_horse_armor":1,"gravestone:obituary":7,"minecraft:chain":2,"minecraft:purpur_block":1,"minecraft:moss_carpet":5,"minecraft:quartz_slab":1,"alexscaves:dinosaur_chop":2,"minecraft:blue_orchid":7,"minecraft:player_head":1,"minecraft:jungle_sapling":1,"minecraft:iron_nugget":4,"minecraft:poppy":64,"minecraft:birch_sapling":2,"minecraft:piston":2,"minecraft:dark_oak_sapling":33,"minecraft:glow_item_frame":2,"travelersbackpack:netherite_tier_upgrade":1,"minecraft:spruce_fence":1,"farmersdelight:tomato_seeds":10,"minecraft:redstone":15,"minecraft:iron_horse_armor":4,"minecraft:prismarine_crystals":7,"minecraft:dark_oak_planks":8,"minecraft:arrow":25,"additionaladditions:glow_stick":47,"minecraft:peony":4,"minecraft:stripped_dark_oak_wood":9,"minecraft:pink_tulip":48,"minecraft:totem_of_undying":9,"minecraft:saddle":4,"minecraft:gold_ingot":1,"minecraft:mutton":4,"minecraft:skeleton_skull":3,"minecraft:mud_bricks":12,"easy_mob_farm:mob_capture_card":44,"minecraft:packed_mud":6,"minecraft:lily_pad":3,"minecraft:gunpowder":451,"minecraft:cobblestone_stairs":1,"mowziesmobs:wrought_axe":1,"minecraft:piglin_head":1,"minecraft:red_carpet":16,"minecraft:stone_bricks":1,"minecraft:gray_carpet":18,"minecraft:acacia_trapdoor":3,"minecraft:iron_ingot":136,"minecraft:cobweb":1,"minecraft:book":150,"minecraft:scaffolding":2,"minecraft:dark_oak_slab":1,"minecraft:sweet_berries":4,"mowziesmobs:wrought_helmet":1,"minecraft:mud_brick_wall":5,"minecraft:spider_eye":6,"travelersbackpack:standard":1,"minecraft:slime_ball":11,"minecraft:gray_banner":2,"minecraft:painting":1,"minecraft:cherry_sapling":73,"minecraft:waxed_oxidized_cut_copper_slab":1,"minecraft:melon_seeds":25,"minecraft:mangrove_propagule":1,"minecraft:coal":6,"additionaladditions:music_disc_1007":2}},"DataVersion":3465}