{"stats":{"minecraft:mined":{"minecraft:dark_oak_planks":6,"minecraft:red_carpet":1,"minecraft:white_bed":2,"minecraft:farmland":2,"minecraft:cherry_log":305,"minecraft:dark_oak_log":286,"minecraft:shulker_box":1,"gravestone:gravestone":3,"minecraft:grass_block":2,"minecraft:hopper":2,"minecraft:mud_bricks":2,"minecraft:moss_block":1,"minecraft:waxed_oxidized_cut_copper":2,"minecraft:potatoes":4,"minecraft:vine":1,"minecraft:bamboo_sapling":1,"minecraft:stone":2,"minecraft:lectern":1,"minecraft:mushroom_stem":24,"easy_mob_farm:iron_golem_farm":1,"minecraft:birch_log":12,"minecraft:grass":5,"minecraft:oak_log":13,"minecraft:dirt":49,"minecraft:red_mushroom_block":306},"minecraft:broken":{"minecraft:iron_hoe":1},"minecraft:dropped":{"minecraft:porkchop":25,"minecraft:red_mushroom":6,"minecraft:red_carpet":1,"mowziesmobs:umvuthana_mask_bliss":2,"minecraft:rose_bush":1,"gravestone:obituary":3,"minecraft:writable_book":1,"minecraft:pink_petals":4,"easy_mob_farm:big_slot_upgrade":69,"minecraft:gray_carpet":1,"minecraft:pink_tulip":1,"minecraft:shulker_box":1,"easy_mob_farm:monster_plains_cave_farm":2,"easy_mob_farm:creative_speed_enhancement":64,"minecraft:cow_spawn_egg":1,"minecraft:bamboo":75,"minecraft:egg":2},"minecraft:crafted":{"minecraft:oak_planks":44,"minecraft:hopper":3,"minecraft:iron_hoe":1,"minecraft:chest":63,"minecraft:dark_oak_planks":452,"minecraft:birch_planks":124,"minecraft:stick":4},"minecraft:killed":{"minecraft:spider":1,"alexsmobs:tasmanian_devil":1,"minecraft:skeleton":2,"minecraft:creeper":2,"minecraft:zombie":8},"minecraft:killed_by":{"minecraft:wither_skeleton":1},"minecraft:used":{"minecraft:cherry_sapling":9,"minecraft:writable_book":1,"easy_mob_farm:lucky_drop_farm":5,"minecraft:ladder":10,"minecraft:diamond_hoe":610,"easy_mob_farm:jungle_farm":1,"minecraft:chest":11,"minecraft:stick":2,"minecraft:torch":48,"minecraft:dirt":98,"minecraft:hopper":7,"minecraft:shulker_box":1,"easy_mob_farm:desert_farm":2,"easy_mob_farm:creative_mob_farm":3,"minecraft:iron_hoe":12,"minecraft:grass_block":7,"minecraft:bamboo":10,"minecraft:diamond_chestplate":1,"minecraft:golden_carrot":8,"minecraft:bow":19,"alexsmobs:spawn_egg_elephant":2,"minecraft:egg":2,"easy_mob_farm:creative_mob_catcher":2,"minecraft:potato":1015,"minecraft:dark_oak_sapling":10,"minecraft:cooked_mutton":1,"minecraft:water_bucket":99,"minecraft:oak_planks":283,"easy_mob_farm:nether_fortress_farm":5,"minecraft:diamond_axe":12,"easy_mob_farm:iron_golem_farm":10,"minecraft:oak_slab":12,"minecraft:crafting_table":1,"easy_mob_farm:monster_plains_cave_farm":9,"travelersbackpack:quartz":2,"mowziesmobs:geomancer_robe":1,"minecraft:blast_furnace":1,"minecraft:white_bed":2,"mowziesmobs:wrought_axe":4,"waystones:waystone":2,"minecraft:lever":2,"minecraft:diamond_pickaxe":13,"easy_mob_farm:animal_plains_farm":8,"easy_mob_farm:bee_hive_farm":1,"easy_mob_farm:swamp_farm":1,"minecraft:cat_spawn_egg":23,"minecraft:diamond_sword":30,"alexsmobs:spawn_egg_crow":1,"easy_mob_farm:ocean_farm":1,"minecraft:air":13},"minecraft:custom":{"lootr:looted_stat":10,"minecraft:mob_kills":16,"minecraft:inspect_hopper":20,"minecraft:interact_with_crafting_table":13,"minecraft:open_shulker_box":1,"minecraft:damage_dealt_resisted":0,"minecraft:leave_game":12,"minecraft:time_since_death":98811,"minecraft:climb_one_cm":6274,"minecraft:sprint_one_cm":330235,"minecraft:walk_one_cm":688989,"minecraft:drop":71,"minecraft:play_time":348095,"minecraft:deaths":2,"minecraft:sneak_time":2950,"minecraft:walk_under_water_one_cm":10018,"minecraft:jump":1090,"minecraft:interact_with_blast_furnace":8,"minecraft:walk_on_water_one_cm":6107,"minecraft:total_world_time":348095,"minecraft:interact_with_furnace":4,"minecraft:sleep_in_bed":2,"minecraft:time_since_rest":64752,"minecraft:waystone_activated":2,"minecraft:damage_taken":1378,"minecraft:damage_dealt":1709,"minecraft:fly_one_cm":777294,"minecraft:open_chest":157,"minecraft:crouch_one_cm":4811,"minecraft:fall_one_cm":23189},"minecraft:picked_up":{"minecraft:allium":240,"minecraft:waxed_oxidized_cut_copper":2,"minecraft:crafting_table":1,"minecraft:wheat":40,"minecraft:chicken":145,"minecraft:enchanted_book":2,"minecraft:wither_rose":1,"minecraft:diamond_horse_armor":1,"gravestone:obituary":1,"minecraft:music_disc_cat":2,"additionaladditions:music_disc_0308":1,"minecraft:string":7,"minecraft:iron_shovel":1,"additionaladditions:chicken_nugget":1,"minecraft:beetroot":2,"easy_mob_farm:small_slot_upgrade":23,"alexsmobs:banana":3,"minecraft:bucket":4,"minecraft:music_disc_otherside":1,"minecraft:beef":148,"minecraft:white_tulip":46,"minecraft:rose_bush":1,"minecraft:jungle_sapling":16,"minecraft:poppy":271,"minecraft:lectern":1,"minecraft:coal_block":127,"minecraft:birch_sapling":22,"farmersdelight:cabbage_seeds":28,"minecraft:egg":11,"minecraft:dark_oak_sapling":612,"minecraft:stick":906,"easy_mob_farm:creative_speed_enhancement":38,"minecraft:porkchop":11,"farmersdelight:tomato_seeds":35,"minecraft:cherry_log":873,"minecraft:carrot":12,"minecraft:redstone":18,"minecraft:iron_horse_armor":2,"easy_mob_farm:iron_golem_farm":1,"minecraft:dark_oak_planks":6,"minecraft:arrow":10,"minecraft:rotten_flesh":54,"additionaladditions:glow_stick":64,"minecraft:beetroot_seeds":18,"farmersdelight:onion":2,"mowziesmobs:umvuthana_mask_bliss":2,"minecraft:pink_tulip":142,"farmersdelight:rope":115,"minecraft:saddle":2,"minecraft:gold_ingot":1,"minecraft:mutton":175,"minecraft:white_wool":8,"minecraft:cobblestone":2,"minecraft:birch_log":60,"minecraft:pink_petals":204,"minecraft:mud_bricks":2,"minecraft:feather":88,"minecraft:leather":65,"easy_mob_farm:mob_capture_card":12,"additionaladditions:music_disc_1507":1,"minecraft:red_mushroom":100,"minecraft:potato":568,"minecraft:oak_log":11,"minecraft:golden_boots":1,"minecraft:gunpowder":84,"mowziesmobs:wrought_axe":1,"minecraft:dirt":84,"minecraft:lantern":2,"minecraft:name_tag":9,"minecraft:cooked_mutton":22,"minecraft:red_carpet":1,"minecraft:bone":88,"minecraft:apple":61,"minecraft:gray_carpet":1,"additionaladditions:rope":208,"minecraft:wheat_seeds":154,"minecraft:iron_ingot":1064,"minecraft:bamboo":156,"minecraft:moss_block":1,"minecraft:sculk_catalyst":1,"easy_mob_farm:big_slot_upgrade":8,"minecraft:music_disc_13":7,"minecraft:sweet_berries":5,"minecraft:poisonous_potato":4,"easy_mob_farm:speed_enhancement":4,"easy_mob_farm:monster_plains_cave_farm":2,"mowziesmobs:wrought_helmet":1,"minecraft:blast_furnace":1,"minecraft:white_bed":2,"minecraft:dark_oak_log":1025,"minecraft:shulker_box":4,"minecraft:spider_eye":2,"alexsmobs:animal_dictionary":1,"minecraft:pumpkin_seeds":8,"minecraft:lever":3,"minecraft:writable_book":1,"minecraft:cherry_sapling":761,"minecraft:golden_apple":4,"minecraft:golden_horse_armor":2,"minecraft:bread":11,"minecraft:coal":13,"minecraft:hopper":2,"minecraft:nether_star":1,"additionaladditions:music_disc_1007":1}},"DataVersion":3465}